String,Number
P29375,0
P06400,1
P20226,2
P09086,3
P22681,4
P46108,5
P27986,6
P06213,7
P31946,8
P04049,9
Q08999,10
P15172,11
Q08945,12
P17947,13
P25490,14
Q09472,15
Q92793,16
P36956,17
P15923,18
P15884,19
Q02535,20
P00519,21
Q13315,22
P02593,23
P35609,24
Q15172,25
P31314,26
P18428,27
P08571,28
P10415,29
Q07812,30
Q15628,31
P19438,32
P29466,33
P01584,34
P32239,35
P01350,36
P43405,37
Q15349,38
P42574,39
P09874,40
Q00987,41
P04637,42
P42345,43
P20071,44
Q16514,45
P02304,46
Q16594,47
P21675,48
P11277,49
P02549,50
P49848,51
Q00403,52
Q15572,53
P08047,54
P32519,55
P29374,56
Q13029,57
Q15544,58
Q15543,59
Q12962,60
P06127,61
Q8NEB9,62
Q00839,63
P06239,64
P01112,65
Q13671,66
P42684,67
P42768,68
P16333,69
P29317,70
P20827,71
Q13158,72
P25445,73
P00533,74
Q13596,75
Q13546,76
P14778,77
P51617,78
P27797,79
P13747,80
P14859,81
P09661,82
Q12874,83
P05783,84
Q12965,85
P15498,86
P62993,87
P35568,88
P04899,89
P81274,90
P08069,91
P29353,92
P15056,93
P14598,94
P19878,95
P30304,96
P42655,97
P30305,98
Q6FHM2,99
P63104,100
Q14205,101
Q13424,102
Q13884,103
P46939,104
P17677,105
Q14209,106
Q14186,107
Q14188,108
P10243,109
Q07820,110
P16220,111
P49716,112
Q03519,113
P10721,114
P11831,115
P35269,116
P15924,117
P13647,118
P08631,119
Q03405,120
P63211,121
P16520,122
Q13889,123
P19447,124
P05556,125
P56199,126
P10809,127
P08107,128
Q16667,129
P06493,130
P32927,131
P04141,132
P17301,133
P28749,134
P07948,135
P05787,136
P15173,137
P12931,138
P20248,139
P24385,140
P61024,141
P24941,142
P11802,143
Q96TE0,144
Q00534,145
P30279,146
P05412,147
P11166,148
P27824,149
Q04771,150
P27037,151
P36896,152
P24588,153
P17252,154
P23458,155
P40189,156
P29597,157
P17181,158
P01111,159
P05113,160
P08700,161
P15509,162
Q01094,163
P19838,164
P62873,165
P27487,166
P00813,167
P08575,168
P18074,169
P32780,170
Q13888,171
P28715,172
Q13216,173
Q03468,174
Q16533,175
Q13487,176
P02766,177
P05067,178
P02675,179
P12830,180
P28827,181
P19138,182
P67870,183
P05231,184
P08887,185
P01579,186
P15260,187
P17480,188
P19174,189
P08514,190
P05106,191
P35221,192
P35222,193
P15104,194
P35869,195
P07900,196
P04150,197
P00488,198
P04792,199
P14784,200
P01589,201
P60568,202
P31785,203
Q04864,204
P34932,205
Q04206,206
P25963,207
P15407,208
P22415,209
P19388,210
P19338,211
P03956,212
P01033,213
Q13323,214
P63279,215
Q06609,216
P48551,217
P43351,218
P09769,219
Q15185,220
Q00526,221
P01563,222
P25325,223
Q07161,224
P19784,225
P02538,226
P01100,227
P09619,228
P42229,229
Q13625,230
P52333,231
P24864,232
P06702,233
P05109,234
P61244,235
P50539,236
P19793,237
P10276,238
Q07869,239
P38936,240
P13861,241
P11137,242
P41236,243
P36873,244
P49841,245
P28482,246
P45984,247
P53779,248
P18847,249
P18848,250
Q02750,251
P14635,252
P20936,253
Q01081,254
P26368,255
P01023,256
P22303,257
P02649,258
P21926,259
P16070,260
P18827,261
P02748,262
P07357,263
P27635,264
P49768,265
P21333,266
Q9UQB3,267
Q14901,268
P12004,269
Q12802,270
P45983,271
Q07955,272
P41182,273
Q9Y618,274
Q15916,275
Q05516,276
P01375,277
P20333,278
P01374,279
P36941,280
P28908,281
P32971,282
Q30201,283
P02786,284
P02787,285
P05112,286
P24394,287
Q06643,288
P43489,289
P23510,290
P29965,291
P25942,292
P16871,293
P13232,294
P40933,295
P35225,296
P78552,297
Q07011,298
P41273,299
Q01113,300
P15248,301
P22301,302
Q13651,303
Q14627,304
Q01344,305
Q99933,306
P26951,307
P25025,308
P10145,309
P20809,310
Q16570,311
Q14626,312
P25024,313
P21802,314
P05230,315
P29459,316
P29460,317
P21781,318
P22607,319
P09038,320
P08620,321
P12034,322
P11362,323
P11487,324
Q8NI16,325
P22455,326
P08138,327
P01138,328
P01127,329
P04629,330
P23560,331
Q16620,332
P20783,333
Q16288,334
P40238,335
P40225,336
P01588,337
P19235,338
P04085,339
P16234,340
P49767,341
P35916,342
P15692,343
P17948,344
O14786,345
Q14563,346
O60462,347
P49763,348
P26992,349
P26441,350
P42702,351
P15018,352
P13725,353
O15467,354
P32302,355
O00626,356
P51679,357
P08476,358
Q99062,359
P36894,360
P12643,361
Q13873,362
P18075,363
P12644,364
P32246,365
P41597,366
P22362,367
P51685,368
P32248,369
Q99731,370
Q99616,371
P51677,372
P80098,373
P51686,374
O15444,375
P49682,376
O14625,377
P09341,378
P13500,379
P10147,380
P13236,381
P13501,382
Q92583,383
O00585,384
P51671,385
Q16627,386
P51684,387
P78556,388
P51681,389
P80075,390
P46092,391
Q9Y4X3,392
O00175,393
Q9Y258,394
P49238,395
P78423,396
Q07325,397
P02778,398
O43294,399
P10275,400
Q03167,401
P61812,402
P06401,403
Q13105,404
Q14620,405
P37173,406
P10600,407
P01912,408
P01903,409
P61769,410
P19875,411
P19876,412
P42830,413
O43927,414
P62826,415
P82094,416
P36897,417
P01137,418
P37023,419
P21246,420
Q9UM73,421
Q13772,422
Q03135,423
P03372,424
Q9Y6X2,425
Q92731,426
O75925,427
P38398,428
Q99728,429
P14416,430
Q12888,431
Q14192,432
Q13683,433
P26006,434
Q13185,435
P23497,436
P45973,437
Q14739,438
P50613,439
Q15596,440
Q92993,441
P49116,442
P01730,443
Q14005,444
Q99665,445
Q08334,446
P32881,447
P01574,448
P01569,449
P01562,450
P08581,451
Q04756,452
P26927,453
Q04912,454
O95750,455
P30491,456
P10912,457
P01241,458
O19691,459
Q07960,460
P60953-1,461
P63098,462
Q08209,463
P42771,464
P55273,465
P41159,466
P48357,467
Q05086,468
P68036,469
P51946,470
P02775,471
P35462,472
P33681,473
P10747,474
P41180,475
P42701,476
O15123,477
Q02763,478
Q9NPB9,479
P48552,480
P23634,481
P10599,482
P27695,483
P08709,484
P13726,485
P21953,486
P12694,487
P18464,488
P37108,489
P49458,490
P38117,491
P13804,492
P55899,493
P12319,494
P01854,495
P01233,496
P01215,497
P28068,498
P28067,499
P03989,500
Q16663,501
O14836,502
Q9Y275,503
P50591,504
Q9UBN6,505
Q13114,506
P17813,507
Q12931,508
P04229,509
Q14974,510
P52292,511
Q12933,512
P62877,513
Q13616,514
Q93068,515
O43516,516
P23468,517
O43312,518
P41212,519
P02570,520
P11171,521
Q9Y2J2,522
O43491,523
Q13547,524
P18846,525
O15151,526
P62988,527
O14757,528
P35244,529
P15927,530
P30307,531
Q16254,532
P78527,533
P12956,534
P27694,535
P23025,536
Q14565,537
P13051,538
P09429,539
O15350,540
O60566,541
O43684,542
O43683,543
Q10567,544
O00203,545
Q9Y6B7,546
P15559,547
Q15648,548
P17275,549
P51587,550
Q8IWY9,551
P18858,552
O75714,553
P35249,554
Q96C41,555
P39748,556
P24522,557
O95257,558
Q9UK52,559
Q9NS83,560
Q9UK53,561
O75293,562
Q00535,563
Q15078,564
O14867,565
Q8N726,566
Q15329,567
O00716,568
P49459,569
P31350,570
P23921,571
Q9NTD8,572
P22674,573
P07992,574
O00255,575
Q00653,576
Q13156,577
O75771,578
O43543,579
Q92547,580
Q07864,581
Q99708,582
Q13363,583
O00158,584
O60619,585
P51532,586
P35232,587
Q9HCU9,588
P78347,589
O15379,590
Q9NXV6,591
Q15653,592
Q93008,593
O00743,594
O00221,595
Q13233,596
Q16543,597
Q99759,598
P35214,599
Q9Y2S0,600
O15491,601
Q01201,602
P54278,603
P40692,604
Q8NFZ5,605
P41279,606
Q8IYF5,607
Q9UKB1,608
O95163,609
P33992,610
Q16342,611
O15111,612
O14920,613
Q13576,614
P42704,615
P23508,616
P46199,617
Q9UJF2,618
Q8NBA9,619
P52434,620
P52436,621
O15160,622
O15084,623
P35606,624
Q9Y6K9,625
Q969H0,626
O00505,627
O00571,628
Q92896,629
P04645,630
Q02878,631
Q02546,632
Q99558,633
P22087,634
Q13077,635
P51787,636
Q9Y4K3,637
Q15008,638
P28074,639
Q92844,640
P35998,641
O75170,642
Q9UPN7,643
Q13451,644
Q14164,645
Q86UP2,646
Q86YW3,647
Q9UHD2,648
P36578,649
Q04917,650
P27348,651
Q13163,652
Q9UHV9,653
P25120,654
P04643,655
O14727,656
P55211,657
P98170,658
O15519,659
Q9ULX6,660
Q8TAQ2,661
O43539,662
Q12824,663
Q15750,664
O43318,665
Q9NYJ8,666
O94873,667
Q9H6S1,668
Q9BQ06,669
Q9NR28,670
Q9UER7,671
P61970,672
Q9H9Y6,673
Q13843,674
Q15025,675
P51784,676
O95602,677
P33993,678
O15446,679
O15027,680
P17980,681
Q99460,682
O00232,683
Q9UNM6,684
O43242,685
P51665,686
Q9NVQ0,687
Q9H619,688
O96019,689
O60684,690
Q92785,691
Q8IWH2,692
Q9NUG6,693
Q03527,694
Q9UBN7,695
P35354,696
P46013,697
Q9NS87,698
Q9BYG3,699
P83916,700
P01106,701
O75592,702
Q9Y4A5,703
Q92830,704
O75529,705
O75486,706
O75478,707
Q15393,708
Q9Y230,709
Q99741,710
Q99471,711
P51531,712
O94906,713
Q07666,714
P24928,715
Q6IAW3,716
Q9BWU1,717
O00267,718
P21127-12,719
P50750,720
Q9UBU8,721
Q96HT8,722
Q9NV56,723
Q7Z417,724
Q06787,725
O00330,726
P09622,727
P08238,728
P53041,729
Q8WTS6,730
Q15545,731
Q93009,732
Q96BH1,733
P61077,734
Q96QK1,735
O75436,736
Q9UBQ0,737
P63165,738
P46060,739
Q9UFF9,740
Q14671,741
Q7Z589,742
O60609,743
Q5T4W7,744
Q5U5U6,745
P15374,746
O75604,747
Q7L804,748
P62491,749
Q15459,750
Q6ZYL4,751
Q9UKV8,752
P26196,753
Q9UL18,754
Q9Y6X3,755
Q6KC79,756
Q9UQE7,757
O60216,758
O43561,759
Q9Y294,760
P54198,761
Q9NVP2,762
Q13112,763
Q86VN1,764
Q9P0U3,765
P61956,766
Q9HC62,767
P55854,768
Q00722,769
P63000,770
P62837,771
Q15843,772
Q99942,773
P35968,774
P52584,775
P52272,776
Q92973,777
P09651,778
Q9UL25,779
Q9UJ41,780
Q15276,781
P60900,782
P25789,783
Q9NVI1,784
Q9BXW9,785
P67775,786
P30153,787
Q06455,788
O75376,789
Q99081,790
O15355,791
P67809,792
P08621,793
P61247,794
P09012,795
Q96I25,796
Q15637,797
O75533,798
Q9BSI4,799
P54274,800
P54259,801
Q9ULD9,802
Q9BXM7,803
P43686,804
P10515,805
Q15120,806
P01133,807
Q02297,808
P21860,809
P11717,810
P01344,811
Q8WTT0,812
P30273,813
Q8WUF5,814
Q9H3D4,815
Q9NUX5,816
Q96AP0,817
Q6P2Q9,818
Q7KZF4,819
Q6UWZ7,820
P04180,821
P02647,822
Q9UPQ9,823
Q9UHB6,824
P29083,825
Q9Y3M2,826
Q13257,827
Q12834,828
Q9Y6D9,829
Q9UHH9,830
Q29983,831
P16435,832
P99999,833
Q9Y5N6,834
P17096,835
Q13416,836
Q13415,837
O43929,838
O43913,839
Q8NBP7,840
P01130,841
P53350,842
O95251,843
P25116,844
P00734,845
P23769,846
P24468,847
P31749,848
Q14643,849
Q15796,850
P84022,851
Q16665,852
O43524,853
Q01973,854
P41221,855
O95999,856
Q9Y6D6,857
P05455,858
Q9UNE7,859
P10636,860
P60842,861
Q53EL6,862
Q96EB6,863
O95352,864
Q9H1Y0,865
Q9GZQ8,866
P37198,867
P46934,868
P05161,869
P26651,870
Q92841,871
Q9NQT5,872
Q9NQT4,873
Q15303,874
Q96J02,875
P31947,876
Q8WUI4,877
P05154,878
P55265,879
Q92900,880
Q9UNG2,881
Q9Y5U5,882
O75581,883
O60563,884
Q9Y676,885
P02768,886
Q96L91,887
P46531,888
Q92585,889
Q8WUM4,890
Q9H444,891
Q9H3S7,892
Q96RL1,893
Q5TZ93,894
Q9Y265,895
P35398,896
O60936,897
Q14D14,898
Q99996,899
P34741,900
O75056,901
P31431,902
Q9UJU2,903
P49789,904
Q01718,905
Q8TCY5,906
Q53ET0,907
Q15233,908
P80188,909
P14780,910
Q9Y2R2,911
Q05655,912
Q14738,913
Q16611,914
O15243,915
Q16236,916
P07910,917
Q12906,918
P53618,919
Q9Y678,920
P61923,921
Q14527,922
P61088,923
Q15819,924
Q9NS91,925
P63146,926
P43220,927
P49407,928
Q05195,929
P23443,930
Q15418,931
O60784,932
Q9H0E2,933
P06730,934
Q13541,935
P09917,936
Q14019,937
Q04637,938
P60896,939
O75496,940
Q9H211,941
Q13153,942
P60953,943
P61586,944
Q9BST9,945
P55884,946
O75821,947
Q9BZI7,948
Q9HAU5,949
Q8IU60,950
Q9NPI6,951
Q16637,952
P14678,953
Q15831,954
Q9Y376,955
Q9HAT8,956
Q9NZL6,957
O95835,958
P84077,959
Q99418,960
O96020,961
P30281,962
Q9UBD5,963
P25205,964
P49736,965
Q92769,966
Q8N2H9,967
Q99836,968
O43187,969
Q8WWW0,970
Q13043,971
P46940,972
P29590,973
O14497,974
P11940,975
Q9NRR4,976
Q8WYQ5,977
P54132,978
Q9H9A7,979
P46527,980
Q07817,981
P13569,982
O14745,983
Q68CP9,984
Q86U86,985
P13010,986
Q9UPY3,987
O60934,988
Q14676,989
P16104,990
Q14790,991
Q9HCN6,992
P06241,993
O43189,994
Q15910,995
P38919,996
P61326,997
Q9Y5S9,998
P10398,999
P07947,1000
P49959,1001
P58753,1002
P10644,1003
P17612,1004
Q92956,1005
Q06330,1006
Q15554,1007
Q9NYB0,1008
P51636,1009
P55957,1010
P43246,1011
P20585,1012
P52701,1013
Q07889,1014
P52298,1015
Q09161,1016
O43463,1017
P69905,1018
Q9NZD4,1019
Q15080,1020
Q9UBT2,1021
Q9UBE0,1022
Q96B01,1023
Q969G3,1024
O15085,1025
P06756,1026
O00268,1027
P01135,1028
Q6P2E9,1029
Q96F86,1030
Q8N264,1031
Q9NWT6,1032
O95786,1033
Q7Z434,1034
Q8IZD4,1035
Q8WZ42,1036
O15273,1037
Q76LX8,1038
P04275,1039
Q9NQB0,1040
P04626,1041
Q9H4B6,1042
Q9NVA2,1043
Q99719,1044
Q5VST9,1045
Q8IYW5,1046
Q13542,1047
Q5FBB7,1048
O43157,1049
Q92730,1050
Q01196,1051
Q13951,1052
O15520,1053
P04198,1054
Q99683,1055
P40337,1056
Q03518,1057
O14965,1058
Q9ULW0,1059
Q13188,1060
P25054,1061
P62942,1062
P78344,1063
P16109,1064
Q14242,1065
O95760,1066
Q01638,1067
O43278,1068
P49917,1069
Q13426,1070
Q9H9Q4,1071
P63208,1072
Q8N3Y1,1073
Q969U6,1074
Q9UKT8,1075
O15234,1076
Q7L523,1077
Q9HB90,1078
P14210,1079
Q15633,1080
Q5VZM2,1081
P11177,1082
P08559,1083
O96017,1084
P49674,1085
O15055,1086
P24863,1087
P49336,1088
Q92466,1089
Q16531,1090
O76064,1091
Q13501,1092
O15392,1093
Q96GD4,1094
Q14141,1095
Q15019,1096
Q06190,1097
Q969G9,1098
Q969F2,1099
Q9HAU4,1100
Q9Y2A7,1101
Q7L576,1102
Q8WXF1,1103
Q8WVM7,1104
Q9UKL0,1105
O60341,1106
Q53HL2,1107
Q9NQS7,1108
Q96RN5,1109
Q8N3U4,1110
Q9BY43,1111
P05198,1112
P19525,1113
P18031,1114
Q99801,1115
P11387,1116
Q9NZU7,1117
Q13936,1118
P62158,1119
O94921,1120
Q9C000,1121
Q9BUL8,1122
O00506,1123
Q9BSQ5,1124
O00522,1125
P17542,1126
P63272,1127
Q6R327,1128
O00167,1129
Q15475,1130
Q9Y6E0,1131
O75340,1132
Q02156,1133
Q15139,1134
O60880,1135
Q13291,1136
Q9UHI6,1137
Q9NR80,1138
Q13094,1139
Q08881,1140
Q9UQC2,1141
Q9Y297,1142
Q96P20,1143
Q9ULZ3,1144
Q96FW1,1145
Q12879,1146
P78352,1147
Q9P021,1148
P60228,1149
Q9Y262,1150
O15169,1151
Q13224,1152
P29474,1153
Q8WXD5,1154
P62316,1155
P62318,1156
P62304,1157
P28676,1158
P30626,1159
P02511,1160
P02489,1161
Q99816,1162
O14964,1163
P20963,1164
P55036,1165
Q8WUW1,1166
Q92558,1167
Q9Y6N9,1168
Q495M9,1169
P13984,1170
Q96B97,1171
Q13191,1172
Q9NQS3,1173
Q15223,1174
Q96NY8,1175
Q13905,1176
Q9BX63,1177
Q9H840,1178
Q9BXL7,1179
O75569,1180
Q13404,1181
O15530,1182
P11473,1183
O14893,1184
Q9Y6W5,1185
P26010,1186
Q7RTN6,1187
P46937,1188
Q9UIF7,1189
Q01831,1190
O43502,1191
O43542,1192
O14744,1193
P62805,1194
Q14449,1195
Q9H222,1196
Q9H221,1197
Q7Z6Z7,1198
Q9GZT9,1199
Q9H5V8,1200
Q14145,1201
Q15788,1202
O75899,1203
Q9UBS5,1204
Q96FA3,1205
Q14155,1206
Q15052,1207
Q9BZW8,1208
P48023,1209
P54727,1210
Q15382,1211
P30622,1212
Q15691,1213
Q9NS23,1214
P06748,1215
Q14203,1216
P19022,1217
Q15003,1218
O95347,1219
Q8TEW0,1220
Q13009,1221
Q8IW19,1222
Q13347,1223
Q13351,1224
Q9H4A3,1225
O95747,1226
Q96PM5,1227
O75791,1228
P32119,1229
Q9BV36,1230
P51159,1231
P30086,1232
P23528,1233
P53667,1234
Q86VP6,1235
P19419,1236
Q02078,1237
Q13322,1238
O95931,1239
P35226,1240
Q9HC52,1241
Q99496,1242
O14503,1243
Q14457,1244
O14980,1245
Q53EZ4,1246
Q13635,1247
O15117,1248
P17535,1249
Q13617,1250
Q9NZN8,1251
O75175,1252
A5YKK6,1253
P56524,1254
P61981,1255
Q13620,1256
Q92934,1257
Q92843,1258
P05362,1259
P20701,1260
P61964,1261
Q15291,1262
Q13619,1263
P30260,1264
Q9UKT4,1265
O00206,1266
Q9Y6Y9,1267
P55072,1268
O95155,1269
Q92890,1270
Q12967,1271
Q9NWZ3,1272
Q13472,1273
Q9NVC6,1274
Q9BTT4,1275
O95630,1276
Q03164,1277
Q9UBL3,1278
P68431,1279
Q13111,1280
Q7Z5K2,1281
Q14683,1282
Q9NTI5,1283
Q29RF7,1284
Q9Y3I1,1285
O14686,1286
P46821,1287
O75586,1288
Q12772,1289
P42336,1290
Q15370,1291
Q15369,1292
Q93074,1293
O95402,1294
O75448,1295
Q9H944,1296
Q86XK2,1297
Q8N122,1298
Q9BVC4,1299
O95477,1300
Q9UJX6,1301
Q13042,1302
Q6NUQ1,1303
O43264,1304
Q9H900,1305
P50748,1306
P54284,1307
Q99814,1308
P27540,1309
P59768,1310
Q8N6P7,1311
Q9GZX6,1312
Q969J5-2,1313
Q969J5-3,1314
Q9Y613,1315
Q16576,1316
P50402,1317
P60709,1318
Q14674,1319
O75880,1320
Q14061,1321
O43819,1322
P53004,1323
P27361,1324
P20339,1325
Q9P2R3,1326
P00451,1327
Q9HC29,1328
P49662,1329
Q96CF2,1330
Q08289-1,1331
Q02641-1,1332
Q13393,1333
P51812,1334
Q86V81,1335
Q16658,1336
Q9HD67,1337
Q12778,1338
P11474,1339
P10914,1340
Q8IZJ1,1341
Q92859,1342
Q92542,1343
Q8NFT8,1344
Q6PL18,1345
Q9Y6Q9,1346
P60763,1347
Q96RR5,1348
P55211-1,1349
O75943,1350
P35250,1351
P40938,1352
P40937,1353
Q75RY0,1354
Q9NVD7-1,1355
P49023-2,1356
Q96CS3,1357
Q13882,1358
P07305,1359
Q9HB63,1360
O95631,1361
O95185,1362
Q149N8,1363
O76074,1364
P14619,1365
O60603,1366
Q53S69,1367
Q15466,1368
Q13227,1369
Q9HC16,1370
P78504,1371
P07737,1372
Q13568,1373
Q96KQ7,1374
Q9UBC3,1375
P51151,1376
Q8IWE5,1377
Q96NA2,1378
P51149,1379
Q8TAD8,1380
P17676,1381
Q7L2H7,1382
O00303,1383
Q9UBQ5,1384
O15371,1385
O15372,1386
O94813,1387
Q9Y6N7,1388
Q14126,1389
Q14118,1390
Q9UBV2,1391
Q9Y679-2,1392
Q13438,1393
P42262,1394
P42263,1395
Q6EMK4,1396
Q6UX71,1397
O00560,1398
P16066,1399
P00749,1400
P22001,1401
Q9Y385,1402
O94817,1403
O94907,1404
Q96MU8,1405
O94992,1406
P27448,1407
P48546,1408
P09681,1409
P01275,1410
Q13535,1411
Q8WXE1,1412
Q9BYX4,1413
P11142,1414
Q9UKV5,1415
Q9UNZ2,1416
Q6TCH7,1417
Q99613,1418
Q15054,1419
Q96LI5,1420
Q9ULM6,1421
P55735,1422
O94979,1423
Q9UM11,1424
Q14653,1425
Q02363,1426
Q13309,1427
O75460,1428
Q4G0J3,1429
Q86SZ2,1430
O43617,1431
O75865,1432
Q9H8V3,1433
Q9H0H5,1434
O43924,1435
P36405,1436
Q13432,1437
Q86TM6,1438
O75154,1439
Q9H9A5,1440
O15144,1441
P61158,1442
P61160,1443
O15511,1444
Q92600,1445
Q9UIV1,1446
P49327,1447
P27708,1448
Q9Y2L5,1449
P48553,1450
Q7Z392,1451
Q8WVT3,1452
A5PLN9,1453
Q9Y296,1454
O14582,1455
O15145,1456
P59998,1457
Q92747,1458
Q9Y5R8,1459
P18206,1460
Q8IY67,1461
Q96A65,1462
Q9NV70,1463
Q9GZM8,1464
O94762,1465
P19387,1466
O43921,1467
P54764,1468
P52799,1469
P52803,1470
Q9Y2Y0,1471
P36404,1472
Q92783,1473
Q8NG31,1474
P52798,1475
Q99497,1476
P37840,1477
P32418,1478
Q01484,1479
Q92759,1480
Q92608,1481
Q92556,1482
P15153,1483
P08648,1484
O75051,1485
Q02241,1486
O43663,1487
Q9BRP8,1488
P49023,1489
P15976,1490
Q8IX07,1491
P29320,1492
O14672,1493
Q8IX03,1494
Q96KP1,1495
P05019,1496
P22692,1497
P24593,1498
P62314,1499
P62306,1500
P62308,1501
Q92889,1502
Q14191,1503
O94761,1504
O15514,1505
P52435,1506
Q9Y5B0,1507
Q9BQA1,1508
P30876,1509
P62487,1510
P36954,1511
Q8N4Q1,1512
Q9GZX7,1513
O15131,1514
Q71F23,1515
Q13155,1516
Q96QC0,1517
P37231,1518
Q8N201,1519
Q7KZ85,1520
Q9H0H0,1521
Q9UL03,1522
O43143,1523
Q9NVR2,1524
Q9H3P2,1525
Q8WX92,1526
Q96CB8,1527
P18615,1528
P23193,1529
Q6P2C8,1530
P61073,1531
Q99523,1532
P30533,1533
Q92945,1534
P35658,1535
Q9UMR2,1536
Q9Y6K1,1537
Q8NEM0,1538
O95149,1539
P52294,1540
Q9H1J1,1541
P53990,1542
Q7LBR1,1543
O43633,1544
Q9Y3E7,1545
O43323,1546
Q96QV1,1547
P07814,1548
P49427,1549
P55212,1550
P55210,1551
P52566,1552
Q86UQ8,1553
Q92878,1554
Q9NYB9,1555
Q9UJM3,1556
Q6NZI2,1557
Q15022,1558
O75367,1559
Q9P0M6,1560
P32121,1561
P08588,1562
Q7LG56,1563
Q14686,1564
Q9UMN6,1565
Q8NEZ4,1566
O15550,1567
O14607,1568
Q6ZW49,1569
Q9C005,1570
Q99570,1571
P48736,1572
Q00613,1573
Q9HCJ0,1574
Q16795,1575
Q9NTG7,1576
Q9NRX4,1577
O15554,1578
P78406,1579
Q14997,1580
P62333,1581
Q14781,1582
Q71DI3,1583
P84243,1584
O00257,1585
O95503,1586
Q96NY9,1587
Q96AY2,1588
Q92698,1589
Q9BTM9,1590
Q7Z7A3,1591
Q6ZNE5,1592
Q9P2Y5,1593
P52948,1594
P62937,1595
Q13469,1596
Q8N1L9,1597
P48059,1598
Q13418,1599
P24390,1600
P24723,1601
Q16625,1602
Q14114,1603
Q9UNN8,1604
P98155,1605
O95639,1606
Q6P1J9,1607
P33240,1608
Q9P2D1,1609
O15269,1610
Q8N138,1611
Q99684,1612
Q8IXH7,1613
P54105,1614
Q8NHZ8,1615
Q7KZI7,1616
P62753,1617
Q2VPK5,1618
Q01826,1619
Q01726,1620
Q9H2X0,1621
P13497,1622
Q71SY5,1623
Q9Y580,1624
Q7Z4H7,1625
P06396,1626
P46109,1627
P25101,1628
Q53YX5,1629
P00751,1630
P01024,1631
O00499,1632
Q8N5D0,1633
Q8TEL6,1634
Q8WV16,1635
Q96JK2,1636
Q5TAQ9,1637
Q5T6F0,1638
Q7L7X3,1639
P23381,1640
P33151,1641
Q10570,1642
Q6PD62,1643
Q92797,1644
Q8WVC0,1645
Q9P2I0,1646
Q8N7H5,1647
Q9UKF6,1648
Q12996,1649
Q6UN15,1650
Q9GZS3,1651
Q6STE5,1652
Q92925,1653
Q92922,1654
Q96GM5,1655
Q9NPI1,1656
P26358,1657
Q9H251,1658
P15408,1659
Q96G30,1660
P41968,1661
P32245,1662
P33032,1663
Q9Y6D5,1664
Q14432,1665
Q9UHV7,1666
Q9ULK4,1667
Q9Y2X0,1668
O60885,1669
Q02817,1670
O95994,1671
O94927,1672
Q99871,1673
Q68CZ6,1674
Q9BT25,1675
Q96CS2,1676
Q9NVX0,1677
Q9H6D7,1678
Q8NHV4,1679
Q86YC2,1680
P09913,1681
Q86WV6,1682
Q8IUC6,1683
P09914,1684
P25098,1685
P16989,1686
Q86U70,1687
P81877,1688
Q9BWW4,1689
O75081,1690
Q14839,1691
Q12873,1692
Q9C0K0,1693
P12980,1694
O43505,1695
O95461,1696
Q8N3Y3,1697
Q8IVH8,1698
Q14392,1699
Q86WJ1,1700
P07602,1701
Q58WW2,1702
O60244,1703
Q9H9E3,1704
Q9Y2V7,1705
Q8IWF2,1706
Q8IXB1,1707
Q14566,1708
O75419,1709
Q01668,1710
Q6FI13,1711
P0C0S5,1712
O60814,1713
Q7L7L0,1714
P33778,1715
Q9Y5B9,1716
P17931,1717
Q8TEY7,1718
Q9NYY3,1719
Q13586,1720
Q96D31,1721
Q96SN7,1722
Q9BRQ5,1723
Q8NFW9,1724
P56856,1725
Q8N6F1,1726
Q9Y5I7,1727
P49281,1728
Q9BT67,1729
Q9BRX5,1730
Q9BRT9,1731
O43716,1732
Q9H0R6,1733
Q99828,1734
P46734,1735
P07996,1736
Q9H2S1,1737
Q9UGP5,1738
O95967,1739
P28300,1740
Q9BW66,1741
P48995,1742
P02751,1743
Q9Y496,1744
Q12955,1745
Q08499,1746
Q08211,1747
Q96PU5,1748
O00194,1749
Q9UGN5,1750
Q16602,1751
O60894,1752
Q96RK0,1753
P54253,1754
Q15287,1755
Q9H307,1756
Q9UQM7,1757
Q13557,1758
Q9NT62,1759
P61081,1760
Q14152,1761
P60520,1762
O14908,1763
Q9UM54,1764
P60604,1765
Q9NRI5,1766
Q96MT8,1767
Q49A88,1768
Q16891,1769
O00401,1770
Q9HD42,1771
Q96LR5,1772
Q96EQ8,1773
P68400,1774
P49450,1775
Q8NCD3,1776
O75509,1777
O14929,1778
Q9P209,1779
Q15154,1780
P11308,1781
P04156,1782
P42568,1783
Q8TEK3,1784
Q6IAA8,1785
O95166,1786
Q9UHD9,1787
Q16186,1788
Q8NI22,1789
P49257,1790
Q9Y5X1,1791
O43679,1792
P61968,1793
O15105,1794
Q15797,1795
Q12972,1796
P62136,1797
O43521,1798
O00170,1799
Q5VSL9,1800
P62714,1801
Q9ULQ0,1802
O94776,1803
Q9P289,1804
Q09028,1805
Q6PGQ7,1806
Q7L5N1,1807
Q99627,1808
Q9UBW8,1809
Q9UNS2,1810
Q13098,1811
P61201,1812
Q9BT78,1813
Q92905,1814
Q8TAF3,1815
P62068,1816
O94782,1817
Q9H9Q2,1818
Q8IXJ9,1819
Q92560,1820
O75822,1821
Q504Q3,1822
Q58A45,1823
Q9UQR0,1824
P33991,1825
Q4VCS5,1826
P49321,1827
Q9UJX5,1828
Q9UJX4,1829
Q9BS18,1830
Q9UJX2,1831
Q9H1A4,1832
Q96DE5,1833
O00459,1834
Q9Y2Q5,1835
P01008,1836
P00740,1837
P43146,1838
P11388,1839
P21796,1840
O60260,1841
Q9GZV9,1842
Q16621,1843
Q9Y2K7,1844
Q96L73,1845
Q92833,1846
O75530,1847
P05771,1848
Q5S007,1849
P57058,1850
P49792,1851
Q8TD16,1852
O60494,1853
P27352,1854
D4HL82,1855
Q9UGL1,1856
Q16512,1857
Q8J025,1858
O75197,1859
P56704,1860
P62820,1861
P50395,1862
Q6UVW9,1863
D3W0D1,1864
O43432,1865
O00444,1866
Q06187,1867
Q15811,1868
Q93034,1869
P16581,1870
P06731,1871
O00592,1872
P43121,1873
Q14654,1874
Q14524,1875
Q15011,1876
Q06945,1877
O94916,1878
P58335,1879
P08727,1880
P21980,1881
P10451,1882
Q92918,1883
Q9Y239,1884
O43353,1885
O95714,1886
Q09428,1887
P49757,1888
Q9BUR4,1889
P42081,1890
Q9UL15,1891
Q9NSD9,1892
Q9Y285,1893
Q13554,1894
Q13555,1895
Q16566,1896
Q14012,1897
P38432,1898
P55197,1899
P02749,1900
P02452,1901
Q92800,1902
Q6ZN18,1903
P17844,1904
Q8WWI1,1905
P42261,1906
A2RRP1,1907
Q8N488,1908
Q8IY57,1909
Q96E14,1910
Q9HCE1,1911
Q9NZI8,1912
P35227,1913
P20393,1914
Q96AE4,1915
Q9UHX1,1916
Q96I24,1917
P56159,1918
P07949,1919
P39905,1920
Q02790,1921
P31948,1922
Q9H816,1923
Q9BUI4,1924
Q9BT43,1925
Q9H1D9,1926
Q06587,1927
Q96RI1,1928
O15318,1929
P08603,1930
Q13263,1931
Q13148,1932
Q16778,1933
Q9UGJ1,1934
P23258,1935
P60880,1936
O14810,1937
P51668,1938
O43809,1939
Q16630,1940
Q16666,1941
Q9UNN5,1942
Q9NRG4,1943
Q96FF9,1944
O95997,1945
P38159,1946
P62995,1947
Q13242,1948
Q6UYC3,1949
P20700,1950
Q03252,1951
Q14766,1952
P18564,1953
Q9Y4X5,1954
P02545,1955
Q96EP0,1956
Q9BYM8,1957
Q9H0F6,1958
P55055,1959
Q92828,1960
Q9H4L4,1961
Q08752,1962
P19429,1963
O14807,1964
P01116,1965
Q99873,1966
P00797,1967
P01019,1968
Q92854,1969
Q96RD7,1970
Q562F6,1971
Q9NP77,1972
A4D1B5,1973
Q9BV86,1974
Q01105,1975
Q99700,1976
P05165,1977
P05166,1978
P49711,1979
Q01860,1980
O95711,1981
Q99467,1982
O14522,1983
P18754,1984
Q9UBU2,1985
Q9BQB4,1986
P09603,1987
P07333,1988
Q8WXD9,1989
O14936,1990
O75330,1991
Q6PJ61,1992
P42338,1993
Q9Y2T1,1994
O95817,1995
Q15562,1996
P49798,1997
P20309,1998
Q9H334,1999
O15409,2000
O15143,2001
P26447,2002
P35579,2003
P09936,2004
O14656,2005
Q5JTV8,2006
O14657,2007
Q5JU69,2008
Q9H497,2009
Q92736,2010
Q9NRA1,2011
Q8WUA4,2012
Q9Y5Q8,2013
Q9H063,2014
Q12789,2015
Q9Y5K5,2016
P35228,2017
P49643,2018
P05107,2019
P20702,2020
Q8IVH2,2021
O75147,2022
P56945,2023
Q8N5H7,2024
O75815,2025
P62834,2026
Q9Y468,2027
Q96J94,2028
Q9UPX8,2029
Q9UHR4,2030
Q9BYB0,2031
P48730,2032
O94986,2033
Q9HC77,2034
P15514,2035
P35070,2036
P43034,2037
P40763,2038
P02794,2039
B2R4V0,2040
O00180,2041
Q16695,2042
P06899,2043
P04908,2044
Q9HCE7,2045
Q14185,2046
Q9Y2W6,2047
Q16875,2048
O94925,2049
Q8NEV9,2050
Q14213,2051
O75689,2052
Q9H1H9,2053
Q9NQT8,2054
Q12929,2055
Q5JU85,2056
A4D2P6,2057
Q9Y566,2058
P17987,2059
P04062,2060
Q05193,2061
P15531,2062
Q9H792,2063
Q6UX06,2064
P10767,2065
P31371,2066
Q9UQB8,2067
O75030,2068
Q15631,2069
Q99598,2070
P50281,2071
O95150,2072
Q93038,2073
P02686,2074
Q6ZMJ4,2075
Q08345,2076
P02461,2077
Q9H9F9,2078
Q9ULG1,2079
O14641,2080
O75962,2081
P55075,2082
Q96QT6,2083
Q13503,2084
P50542,2085
P21549,2086
P13612,2087
P16471,2088
P01236,2089
P18850,2090
P52815,2091
Q7Z7H8,2092
Q9BZE1,2093
Q9BRJ2,2094
P82664,2095
Q92552,2096
Q8TEX9,2097
Q14678,2098
Q7Z4S6,2099
Q9NR31,2100
Q12899,2101
O95071,2102
Q07021,2103
Q96R06,2104
P23471,2105
Q12860,2106
O00411,2107
Q9UIG0,2108
P21580,2109
P31751,2110
O14862,2111
Q96D46,2112
Q9HAV4,2113
P52943,2114
P51810,2115
P05423,2116
Q13950,2117
Q04724,2118
Q8IZU3,2119
Q15047,2120
Q9H9B1,2121
Q9UPN9,2122
O15164,2123
Q8IWA4,2124
O95140,2125
Q9H5Q4,2126
P01308,2127
P60484,2128
Q14416,2129
P28223,2130
Q8N163,2131
Q96EP1,2132
Q9BYN0,2133
Q06830,2134
Q99717,2135
Q9NZZ3,2136
Q5VW32,2137
P17936,2138
P08833,2139
P61328,2140
P35498,2141
P15311,2142
P55011,2143
Q86XS5,2144
Q8N423,2145
Q9UKU9,2146
Q9ULT6,2147
O60353,2148
Q2MKA7,2149
Q9BXB1,2150
Q9BWF3,2151
O60573,2152
Q9C0J9,2153
P55317,2154
P28324,2155
Q9NRC8,2156
O15054,2157
O43474,2158
P48431,2159
Q92913,2160
Q2NKJ3,2161
Q86WV5,2162
Q6NZ36,2163
Q00597,2164
Q5JVF3,2165
O60318,2166
O00422,2167
Q9UKV3,2168
Q99459,2169
P02533,2170
P30291,2171
Q14207,2172
P35368,2173
P21917,2174
O14773,2175
Q9H668,2176
P43403,2177
O15360,2178
O94888,2179
Q13618,2180
O00482,2181
Q9UBK2,2182
O14931,2183
Q68D85,2184
Q9HB96,2185
P15151,2186
Q92692,2187
Q13489,2188
Q96CB9,2189
Q7Z6M4,2190
Q96CA5,2191
P00387,2192
Q95460,2193
O00311,2194
Q9UBU7,2195
Q9H9G7,2196
Q16629,2197
Q9NPJ4,2198
Q96NW4,2199
P70280,2200
O95721,2201
O14617,2202
P52594,2203
Q03112,2204
Q13572,2205
P13693,2206
Q96EF0,2207
Q96QG7,2208
P35637,2209
P15941,2210
Q9NQ88,2211
P52789,2212
P51825,2213
Q6W2J9,2214
Q7LC44,2215
O95644,2216
Q676U5,2217
P06340,2218
P13765,2219
Q9H4G4,2220
P09486,2221
P54278-1,2222
Q6ICR9,2223
P08151,2224
P41743,2225
O15400,2226
Q9UNK0,2227
P53539,2228
P48444,2229
O14746,2230
Q9UK80,2231
Q9BVA6,2232
P28799,2233
O15357,2234
P21709,2235
Q9C0A0,2236
Q9UG22,2237
Q8NHV1,2238
Q9BSM1,2239
Q5H9F3,2240
Q3KNV8,2241
P78364,2242
P54725,2243
P41567,2244
P47813,2245
Q6ZSG1,2246
P12757,2247
P12755,2248
O43541,2249
Q9BZQ4,2250
Q9UKE5,2251
Q2VPB7,2252
Q9H0R1,2253
B4DYZ0,2254
P52735,2255
P46063,2256
P02750,2257
Q86U42,2258
O75351,2259
Q9UQN3,2260
Q9UN37,2261
P15813,2262
Q8IV04,2263
P16298,2264
Q9BZS1,2265
Q8IZP0,2266
Q15046,2267
O60506,2268
O95396,2269
Q9Y4E8,2270
P40818,2271
P22314,2272
Q15013,2273
Q8IWV7,2274
O15297,2275
Q6P589,2276
Q13330,2277
C3RSF2,2278
Q8TAM1,2279
Q6ZW61,2280
Q9BXC9,2281
Q9NPJ1,2282
Q8IWZ6,2283
Q8NFJ9,2284
Q3SYG4,2285
P84090,2286
Q9HCG8,2287
Q15036,2288
Q96RK4,2289
Q9BUN5,2290
Q8N3I7,2291
Q8TAM2,2292
P40227,2293
P61758,2294
Q9H0W5,2295
Q15645,2296
O14737,2297
Q9H2X6,2298
Q06413,2299
Q9NUS5,2300
Q14999,2301
Q92526,2302
Q99832,2303
P78371,2304
P49368,2305
Q9UKT7,2306
Q96QV6,2307
Q99880,2308
Q16181,2309
Q96BD5,2310
Q9Y237,2311
Q9H0U6,2312
Q96K76,2313
Q08J23,2314
Q15717,2315
P02790,2316
O15294,2317
Q5VTR2,2318
Q9UBU9,2319
Q12769,2320
Q8NC51,2321
P16152,2322
P48643,2323
P50991,2324
P50990,2325
P55060,2326
Q99543,2327
P0C0S8,2328
P62807,2329
Q9UDY8,2330
P22626,2331
Q12791,2332
P21731,2333
Q7Z419,2334
Q6PCD5,2335
Q01534,2336
P29350,2337
Q96QF0,2338
P48729,2339
P61006,2340
Q99504,2341
Q8WX80,2342
O00213,2343
Q5XUX0,2344
P41002,2345
O43303,2346
Q9UK99,2347
Q9UK97,2348
Q9NVF7,2349
P57775,2350
Q2I0M4,2351
P51610,2352
Q9UPP1,2353
O14939,2354
Q7Z2W4,2355
O95453,2356
Q8IZH2,2357
P16050,2358
Q13563,2359
P98161,2360
P21453,2361
Q07108,2362
Q9NY59,2363
P63244,2364
Q5VWQ8,2365
P26367,2366
Q969G6,2367
P41134,2368
Q8NHY2,2369
P50549,2370
Q9BPX6,2371
Q8NE86,2372
O96028,2373
P14618,2374
P62330,2375
Q9NZ52,2376
Q8N5C8,2377
Q9NPP4,2378
O14640,2379
Q92997,2380
O43739,2381
P13498,2382
Q9Y5S8,2383
P04839,2384
P14866,2385
O95810,2386
Q969G5,2387
Q15768,2388
Q15024,2389
O15047,2390
O95727,2391
Q9BY67,2392
"Q13936,159",2393
Q08050,2394
Q14493,2395
P10242,2396
P14735,2397
P10997,2398
O95983,2399
Q9NPH3,2400
Q04695,2401
P26641,2402
Q9UMX0,2403
P45974,2404
P61086,2405
O14514,2406
Q13127,2407
P41229,2408
P24844,2409
Q13131,2410
A0AVT1,2411
P41226,2412
O14933,2413
O00762,2414
O60907,2415
O75475,2416
Q8NDV7,2417
Q96G74,2418
Q8TDY2,2419
O43823,2420
Q15468,2421
P22914,2422
Q7Z6K5,2423
Q13485,2424
Q15652,2425
Q16539,2426
Q15256,2427
Q9BTP7,2428
Q8IYD8,2429
O75379,2430
Q9UID3,2431
O43752,2432
O60499,2433
Q8N1B4,2434
Q9H8S9,2435
Q7Z7C8,2436
Q16619,2437
P43268,2438
Q8IWI9,2439
O75461,2440
O75665,2441
Q8TDG4,2442
Q15542,2443
Q5VWG9,2444
Q9BQS8,2445
Q9UPN4,2446
P52597,2447
Q9H0J4,2448
Q12830,2449
O60264,2450
P28370,2451
Q9UGU5,2452
Q9UPW6,2453
Q8IXM2,2454
Q96JM2,2455
Q9P0U4,2456
Q96AJ9,2457
O15315,2458
P51449,2459
Q01844,2460
Q92804,2461
Q86UT6,2462
Q9H6E5,2463
Q99755,2464
P43308,2465
P51003,2466
P60468,2467
Q96T58,2468
Q9BXW4,2469
O75143,2470
Q9BSB4,2471
Q9H492,2472
Q6XZF7,2473
Q9NPD8,2474
Q9NW38,2475
Q6NYC1,2476
P17861,2477
Q9UM13,2478
Q16763,2479
O00429,2480
O95863,2481
O15078,2482
Q5TB80,2483
Q9C0C7,2484
O75385,2485
Q9UNH7,2486
Q9Y383,2487
O95219,2488
Q9Y4R8,2489
O43156,2490
Q9Y572,2491
Q8NB16,2492
Q9HCE5,2493
Q86U44,2494
P08865,2495
P56192,2496
O43324,2497
Q15007,2498
P22736,2499
O60238,2500
P12235,2501
O43566,2502
O15270,2503
Q9NUV7,2504
Q969W0,2505
Q8NFR3,2506
O14818,2507
Q5T1C6,2508
Q96HS1,2509
Q8IWE4,2510
Q96GG9,2511
Q6PH85,2512
P18583,2513
Q9UQ84,2514
P34947,2515
P56279,2516
Q96C10,2517
O60447,2518
Q15907,2519
Q14160,2520
Q9P0L2,2521
Q12923,2522
Q9BSJ6,2523
Q9BPZ7,2524
Q9Y243,2525
Q96K21,2526
P22460,2527
O75618,2528
Q96SB4,2529
Q96JM7,2530
Q969R5,2531
Q15906,2532
Q9H0E9,2533
Q01959,2534
O15354,2535
P46776,2536
Q8IUF8,2537
P62917,2538
Q9H6W3,2539
Q8IXI2,2540
Q15388,2541
Q70CQ3,2542
Q8N697,2543
Q8IY34,2544
O75396,2545
Q13190,2546
Q16623,2547
Q07954,2548
P29475,2549
Q92569,2550
Q9HAN9,2551
Q13895,2552
Q12815,2553
Q9UKV0,2554
Q13507,2555
O00254,2556
Q15365,2557
Q14498,2558
P63167,2559
Q99426,2560
P36871,2561
P62424,2562
Q13243,2563
Q01130,2564
Q99729,2565
Q9Y2Z0,2566
Q9NX02,2567
Q07912,2568
P18509,2569
P41586,2570
O43889,2571
Q9NS37,2572
Q9HBL8,2573
P00966,2574
O14669,2575
Q9HBL0,2576
Q96QB1,2577
Q3LXA3,2578
Q8N2W9,2579
P54646,2580
P30989,2581
P30990,2582
P26232,2583
Q96BY2,2584
P42858,2585
Q14204,2586
Q13748,2587
Q71U36,2588
Q9NY65,2589
P07437,2590
Q9UPY8,2591
Q9H4B7,2592
Q13509,2593
O60716,2594
Q14247,2595
O75113,2596
Q96MN2,2597
Q7Z6E9,2598
O00327,2599
Q96FE5,2600
Q96ST3,2601
Q8N365,2602
O15516,2603
Q6ZVD8,2604
P25440,2605
Q15059,2606
Q9BY44,2607
Q9H6T3,2608
O60942,2609
P09467,2610
Q96SW2,2611
O14770,2612
Q9Y3I0,2613
Q8IWT0,2614
Q8WXI9,2615
Q17R98,2616
Q8WXH0,2617
Q86YP4,2618
Q9BTC8,2619
Q52LJ0,2620
P68871,2621
Q13428,2622
P25774,2623
O15551,2624
Q7Z6B7,2625
P52306,2626
Q15672,2627
P08670,2628
Q96IZ0,2629
P04234,2630
Q9BX69,2631
P35408,2632
Q9Y3B4,2633
P10828,2634
P06454,2635
O60356,2636
Q99547,2637
Q13765,2638
P67812,2639
P43487,2640
Q9P2W9,2641
Q68DK7,2642
P62945,2643
P24001,2644
P24158,2645
P09919,2646
P42226,2647
Q460N5,2648
Q7Z6G8,2649
Q13084,2650
Q15165,2651
P78559,2652
Q13232,2653
O96000,2654
Q96HC4,2655
P48061,2656
Q9Y6H5,2657
Q9P0L0,2658
O15503,2659
O95292,2660
Q9Y5W3,2661
Q92831,2662
Q13643,2663
Q06546,2664
Q06547,2665
P78536,2666
Q8IVD9,2667
Q86XR7,2668
Q9UBK8,2669
Q99707,2670
O75462,2671
Q9UBD9,2672
O15553,2673
Q9Y448,2674
Q9NUB1,2675
Q49AN0,2676
Q8WXF7,2677
Q9UBP0,2678
Q96GN5,2679
Q96E22,2680
Q9NQC3,2681
P43356,2682
Q16656,2683
P42677,2684
Q9GZU7,2685
O14595,2686
O15194,2687
P62258,2688
Q15109,2689
Q53XJ8,2690
P07237,2691
P10827,2692
O60500,2693
Q01664,2694
P55040,2695
P01583,2696
O00165,2697
Q9BZF9,2698
Q9UK73,2699
O95271,2700
O75832,2701
O14974,2702
Q8WVL7,2703
P58546,2704
Q9UKL3,2705
Q8NFG4,2706
Q8TF40,2707
Q86YS3,2708
P84085,2709
P10589,2710
Q96AQ6,2711
O14879,2712
P30504,2713
P17693,2714
P23771,2715
Q9UQL6,2716
Q9UL17,2717
Q16526,2718
O15534,2719
Q86X55,2720
P54619,2721
P48436,2722
P31323,2723
P07550,2724
Q14980,2725
P30154,2726
Q9BPX3,2727
Q9P126,2728
Q86YL7,2729
P42224,2730
P27930,2731
P57078,2732
Q99961,2733
P08173,2734
Q9Y4C1,2735
O75582,2736
Q86SE9,2737
Q8WXX7,2738
Q6P1X5,2739
P50570,2740
P22392,2741
Q8IWT6,2742
Q6NSJ5,2743
Q6P9F7,2744
Q8TDW0,2745
Q7L1W4,2746
P09132,2747
Q9UHB9,2748
Q9BV40,2749
P56962,2750
O15014,2751
Q04726,2752
Q9BYE7,2753
Q14CX7,2754
P14923,2755
Q9BVW5,2756
Q9UNS1,2757
A0JLT2,2758
P61962,2759
Q9HAH7,2760
Q9P2R6,2761
Q96PK6,2762
P53778,2763
P26045,2764
Q9Y3Q4,2765
Q8IYB4,2766
Q5VT06,2767
P48740,2768
P11226,2769
Q86UY6,2770
P42566,2771
Q86YF9,2772
Q8IV48,2773
O75643,2774
Q13422,2775
Q9UKT9,2776
P08651,2777
O00712,2778
Q9UJW3,2779
Q99962,2780
P13945,2781
P08913,2782
P18089,2783
P08172,2784
P35367,2785
Q9Y5N1,2786
Q70E73,2787
Q99963,2788
P13688,2789
Q8TDQ0,2790
Q9NTX7,2791
Q9UMW8,2792
Q13362,2793
P62140,2794
Q8NBW4,2795
Q0VGL1,2796
O43504,2797
Q9BUH6,2798
O60337,2799
P41220,2800
P61421,2801
Q9NR30,2802
Q9H0D6,2803
O75417,2804
P54577,2805
P51654,2806
Q6P988,2807
O00755,2808
Q9H0B6,2809
P33176,2810
Q5T4F4,2811
Q13490,2812
Q9H0F7,2813
Q8TEP8,2814
Q66GS9,2815
Q96P16,2816
Q8IXW5,2817
Q9NQG5,2818
Q96NB3,2819
O60306,2820
Q9ULR0,2821
Q9HCS7,2822
Q9UNP9,2823
Q15428,2824
Q9NRM7,2825
O43255,2826
Q76N32,2827
Q96SN8,2828
O95613,2829
Q9NRY4,2830
Q92636,2831
P21554,2832
Q08722,2833
Q9H6L5,2834
Q9H0R8,2835
Q8NC44,2836
Q86VR2,2837
Q96MW7,2838
P61254,2839
O94760,2840
A1YPR0,2841
P19367,2842
Q12756,2843
P19532,2844
O15397,2845
P60866,2846
Q6ZVN8,2847
Q6NW40,2848
P19484,2849
Q15561,2850
P28347,2851
Q8IUQ4,2852
Q96JG6,2853
Q5VIR6,2854
Q9P1Q0,2855
Q9UN86,2856
Q96B02,2857
Q96CG3,2858
O14777,2859
P33981,2860
Q9BZD4,2861
Q9UK61,2862
Q99549,2863
Q9H0X9,2864
Q9BZF1,2865
P16410,2866
P50851,2867
Q9UBF8,2868
Q9Y2X3,2869
Q9NPB6,2870
O60832,2871
Q96B86,2872
P11279,2873
P21281,2874
Q8IY63,2875
A6NKD9,2876
Q9BVG8,2877
O95831,2878
Q8NBT2,2879
Q9HBM1,2880
Q8NEY8,2881
Q02218,2882
Q9ULD0,2883
Q7Z6J0,2884
Q8TEJ3,2885
Q6IA86,2886
Q9H9T3,2887
Q9NYG5,2888
P60006,2889
Q9UJX3,2890
P46777,2891
P23396,2892
Q9Y478,2893
Q15678,2894
Q9Y2J4,2895
Q969T9,2896
Q99594,2897
O14662,2898
Q86Y82,2899
Q15836,2900
P42167,2901
Q6FI81,2902
O76003,2903
Q38SD2,2904
P07954,2905
Q02224,2906
Q5T2D3,2907
Q92995,2908
P18085,2909
P00558,2910
P30203,2911
Q13740,2912
Q8WXW3,2913
Q2KHM9,2914
O43379,2915
Q8IUX4,2916
O43707,2917
Q9NX18,2918
P31040,2919
Q90VU7,2920
O75844,2921
P14625,2922
Q8IVT5,2923
P14174,2924
P57764,2925
P15036,2926
Q92522,2927
P16403,2928
Q9NZU0,2929
Q9HAR2,2930
Q96KK5,2931
Q8TD31,2932
Q5SW79,2933
Q9BV73,2934
Q5TZA2,2935
Q13561,2936
P51114,2937
Q12959,2938
P11532,2939
P52732,2940
Q9BXN2,2941
Q9Y371,2942
Q9UMS4,2943
P12270,2944
P31994,2945
Q9NZQ7,2946
Q15116,2947
Q13526,2948
O75044,2949
Q9NQX3,2950
P49750,2951
P98171,2952
P49715,2953
Q96RU8,2954
Q9Y4E5,2955
Q13464,2956
P11021,2957
Q6ZVM7,2958
Q96AQ8,2959
Q92743,2960
Q99435,2961
Q96MS0,2962
Q96G28,2963
Q9NUJ1,2964
Q5TEA3,2965
P62829,2966
A6NIH7,2967
P14921,2968
Q9NYV4,2969
O75909,2970
Q13573,2971
Q9H2K2,2972
P57081,2973
Q9H7B4,2974
Q9Y2U5,2975
Q8TCU6,2976
Q13496,2977
Q7Z333,2978
Q9H7E2,2979
Q8TDX7,2980
Q9UPS6,2981
Q9H082,2982
Q9UBP6,2983
P62249,2984
Q03933,2985
O14646,2986
Q96HQ2,2987
Q5XLA6,2988
P57730,2989
Q8N6T7,2990
Q6UX40,2991
Q96Q45,2992
Q9P0N5,2993
Q9H6L2,2994
Q9NXB0,2995
Q9ULV4,2996
Q9BR76,2997
Q14956,2998
Q9NVH0,2999
Q9BSJ8,3000
A0FGR8,3001
A0FGR9,3002
P60891,3003
P50053,3004
Q13200,3005
P43357,3006
Q969G2,3007
Q13137,3008
Q8WXD2,3009
Q8TAP4,3010
Q01518,3011
P47712,3012
O43439,3013
Q9GZV8,3014
A6ND01,3015
Q8IYV9,3016
Q96S15,3017
Q9NXC5,3018
P58004,3019
P58005,3020
O95365,3021
Q9HCK8,3022
Q6ZRS2,3023
Q9NRL2,3024
O15062,3025
O15209,3026
Q96K62,3027
P51608,3028
Q9Y6P5,3029
Q9H165,3030
O75140,3031
Q8WTW4,3032
Q12980,3033
Q9BZK7,3034
Q8NE71,3035
O95782,3036
Q9UNZ5,3037
Q9GZR7,3038
O75323,3039
O00139,3040
P11586,3041
Q15147,3042
P23246,3043
P84103,3044
Q9BPX5,3045
P56545,3046
Q3V6T2,3047
Q8N680,3048
Q9UNF1,3049
Q96HI0,3050
Q8N720,3051
Q04323,3052
Q5U651,3053
O15212,3054
Q96EK4,3055
Q96GS4,3056
P62195,3057
P35638,3058
Q9BUW7,3059
P43355,3060
Q86SX3,3061
Q96CN5,3062
P12955,3063
Q16520,3064
Q15642,3065
Q8IU57,3066
Q9BZ95,3067
A6H8Y1,3068
P12277,3069
Q96DX5,3070
Q9NR96,3071
Q01968,3072
Q9GZU1,3073
P98082,3074
Q8WTX7,3075
A6NHX0,3076
P36969,3077
O75127,3078
Q96DA6,3079
Q99807,3080
Q16740,3081
O76031,3082
P21912,3083
